{"name":"ec17a3d9-bb91-492a-9cbc-24a2ae750998","id":"/providers/Microsoft.Flow/flows/ec17a3d9-bb91-492a-9cbc-24a2ae750998","type":"Microsoft.Flow/flows","properties":{"apiId":"/providers/Microsoft.PowerApps/apis/shared_logicflows","displayName":"Leave Rounding","definition":{"metadata":{"workflowEntityId":null,"creator":{"id":"14878d8e-4029-4cd9-9a12-2840980b8746","type":"User","tenantId":"979fd422-22c4-4a36-bea6-1cf87b6502dd"},"provisioningMethod":"FromDefinition","failureAlertSubscription":true,"clientLastModifiedTime":"2019-08-01T05:41:59.0018842Z"},"$schema":"https://schema.management.azure.com/providers/Microsoft.Logic/schemas/2016-06-01/workflowdefinition.json#","contentVersion":"1.0.0.0","parameters":{"$connections":{"defaultValue":{},"type":"Object"},"$authentication":{"defaultValue":{},"type":"SecureObject"}},"triggers":{"When_a_record_is_created":{"metadata":{"flowSystemMetadata":{"swaggerOperationId":"SubscribeOnNewItems"}},"type":"ApiConnectionWebhook","inputs":{"host":{"connection":{"name":"@parameters('$connections')['shared_commondataservice']['connectionId']"},"api":{"runtimeUrl":"https://unitedstates-002.azure-apim.net/apim/commondataservice"}},"body":{"NotificationUrl":"@{listCallbackUrl()}"},"path":"/datasets/@{encodeURIComponent(encodeURIComponent('default.cds'))}/tables/@{encodeURIComponent(encodeURIComponent('cdm_leavebanktransactions'))}/onnewitemswebhook","queries":{"scope":"Organization"},"authentication":"@parameters('$authentication')"}}},"actions":{"Get_record":{"runAfter":{},"metadata":{"flowSystemMetadata":{"swaggerOperationId":"GetItem_V2"}},"type":"ApiConnection","inputs":{"host":{"connection":{"name":"@parameters('$connections')['shared_commondataservice']['connectionId']"},"api":{"runtimeUrl":"https://unitedstates-002.azure-apim.net/apim/commondataservice"}},"method":"get","path":"/v2/datasets/@{encodeURIComponent(encodeURIComponent('default.cds'))}/tables/@{encodeURIComponent(encodeURIComponent('cdm_leavebanktransactions'))}/items/@{encodeURIComponent(encodeURIComponent(triggerBody()?['cdm_leavebanktransactionid']))}","authentication":"@parameters('$authentication')"}},"Leaving_Rounding":{"runAfter":{"Get_record":["Succeeded"]},"metadata":{"flowSystemMetadata":{"swaggerOperationId":"_api_TalentLeaveRound_post"}},"type":"ApiConnection","inputs":{"host":{"connection":{"name":"@parameters('$connections')['shared_rounding.20rules.20.2d.201.5fdfb64f4e0a5e5357.5f30f6eea14d868cb8']['connectionId']"},"api":{"runtimeUrl":"https://unitedstates-002.azure-apim.net/apim/rounding.20rules.20.2d.201.5fdfb64f4e0a5e5357.5f30f6eea14d868cb8"}},"method":"post","body":{"Amount":"@{body('Get_record')?['cdm_amount']}"},"path":"/api/TalentLeaveRound","authentication":"@parameters('$authentication')"}},"Update_a_record_2":{"runAfter":{"Leaving_Rounding":["Succeeded"]},"metadata":{"flowSystemMetadata":{"swaggerOperationId":"PatchItem_V2"}},"type":"ApiConnection","inputs":{"host":{"connection":{"name":"@parameters('$connections')['shared_commondataservice']['connectionId']"},"api":{"runtimeUrl":"https://unitedstates-002.azure-apim.net/apim/commondataservice"}},"method":"patch","body":{"cdm_amount":"@body('Leaving_Rounding')","_ownerid_type":""},"path":"/v2/datasets/@{encodeURIComponent(encodeURIComponent('org0bcce47c.crm'))}/tables/@{encodeURIComponent(encodeURIComponent('cdm_leavebanktransactions'))}/items/@{encodeURIComponent(encodeURIComponent(body('Get_record')?['cdm_leavebanktransactionid']))}","authentication":"@parameters('$authentication')"}}},"outputs":{}},"connectionReferences":{"shared_commondataservice":{"connectionName":"shared-commondataser-edf64c0d-78d3-469a-b184-1b3cc955b0a8","source":"Embedded","id":"/providers/Microsoft.PowerApps/apis/shared_commondataservice","tier":"NotSpecified"},"shared_rounding.20rules.20.2d.201.5fdfb64f4e0a5e5357.5f30f6eea14d868cb8":{"connectionName":"2b570072cb4147b7a043b4bb700d841f","source":"Embedded","id":"/providers/Microsoft.PowerApps/apis/shared_rounding.20rules.20.2d.201.5fdfb64f4e0a5e5357.5f30f6eea14d868cb8","tier":"NotSpecified"}},"flowFailureAlertSubscribed":false}}